vesion,title,description,link,id,ns1:item_group_id,title2,link3,description4,ns1:google_product_category,ns1:l2_category,ns1:product_type,ns1:image_link,ns1:condition,ns1:size,ns1:color,ns1:availability,ns1:price,ns1:brand,ns1:shipping,ns1:sale_price,ns1:totaldiscount,ns1:pattern,ns1:adult,ns1:custom_label_3,ns1:custom_label_2,ns1:custom_label_4,ns1:gtin,ns1:gender,ns1:material
2,Shoppers Stop Product Feed 2018 Apr 17 16:30:08,Shoppers Stop Product Feed 2018 Apr 17 16:30:08,http://www.shoppersstop.com/,p-200141225,200141589,THE VANCA Women Polyester Dress  ONLINE INDIA,https://www.shoppersstop.com/THE-VANCA-Women-Polyester-Dress/p-200141225,flipkart amazon jabong myntra ajio tatacliq Abof Ajio Lifestyle Pantaloons Women Polyester Dress,2271,Westernwear,Dresses,https://sslimages.shoppersstop.com/sys-master/images/hf7/h8b/8813310509086/200141589_9212.jpg_230Wx334H,new,M,Black,in stock,1699 INR,THE VANCA,IN,510 INR,1189 INR,,N,N,Women,LP,,female,
2,Shoppers Stop Product Feed 2018 Apr 17 16:30:08,Shoppers Stop Product Feed 2018 Apr 17 16:30:08,http://www.shoppersstop.com/,p-200141226,200141589,THE VANCA Women Polyester Dress  ONLINE INDIA,https://www.shoppersstop.com/THE-VANCA-Women-Polyester-Dress/p-200141226,flipkart amazon jabong myntra ajio tatacliq Abof Ajio Lifestyle Pantaloons Women Polyester Dress,2271,Westernwear,Dresses,https://sslimages.shoppersstop.com/sys-master/images/hf7/h8b/8813310509086/200141589_9212.jpg_230Wx334H,new,L,Black,in stock,1699 INR,THE VANCA,IN,510 INR,1189 INR,,N,N,Women,LP,,female,
2,Shoppers Stop Product Feed 2018 Apr 17 16:30:08,Shoppers Stop Product Feed 2018 Apr 17 16:30:08,http://www.shoppersstop.com/,p-200141227,200141589,THE VANCA Women Polyester Dress  ONLINE INDIA,https://www.shoppersstop.com/THE-VANCA-Women-Polyester-Dress/p-200141227,flipkart amazon jabong myntra ajio tatacliq Abof Ajio Lifestyle Pantaloons Women Polyester Dress,2271,Westernwear,Dresses,https://sslimages.shoppersstop.com/sys-master/images/hf7/h8b/8813310509086/200141589_9212.jpg_230Wx334H,new,XL,Black,in stock,1699 INR,THE VANCA,IN,510 INR,1189 INR,,N,N,Women,LP,,female,
2,Shoppers Stop Product Feed 2018 Apr 17 16:30:08,Shoppers Stop Product Feed 2018 Apr 17 16:30:08,http://www.shoppersstop.com/,p-200141231,200141590,THE VANCA Women Polyester Dress  ONLINE INDIA,https://www.shoppersstop.com/THE-VANCA-Women-Polyester-Dress/p-200141231,flipkart amazon jabong myntra ajio tatacliq Abof Ajio Lifestyle Pantaloons Women Polyester Dress,2271,Westernwear,Dresses,https://sslimages.shoppersstop.com/sys-master/images/ha7/hda/8814149107742/200141590_8688.jpg_230Wx334H,new,XL,Black,in stock,1899 INR,THE VANCA,IN,570 INR,1329 INR,,N,Y,Women,LP,,female,
2,Shoppers Stop Product Feed 2018 Apr 17 16:30:08,Shoppers Stop Product Feed 2018 Apr 17 16:30:08,http://www.shoppersstop.com/,p-200141233,200141591,THE VANCA Women Polyester Dress  ONLINE INDIA,https://www.shoppersstop.com/THE-VANCA-Women-Polyester-Dress/p-200141233,flipkart amazon jabong myntra ajio tatacliq Abof Ajio Lifestyle Pantaloons Women Polyester Dress,2271,Westernwear,Dresses,https://sslimages.shoppersstop.com/sys-master/images/haf/he3/8934729383966/200141591_8688.png_230Wx334H,new,M,Black,in stock,1699 INR,THE VANCA,IN,510 INR,1189 INR,,N,N,Women,LP,,female,
2,Shoppers Stop Product Feed 2018 Apr 17 16:30:08,Shoppers Stop Product Feed 2018 Apr 17 16:30:08,http://www.shoppersstop.com/,p-200141234,200141591,THE VANCA Women Polyester Dress  ONLINE INDIA,https://www.shoppersstop.com/THE-VANCA-Women-Polyester-Dress/p-200141234,flipkart amazon jabong myntra ajio tatacliq Abof Ajio Lifestyle Pantaloons Women Polyester Dress,2271,Westernwear,Dresses,https://sslimages.shoppersstop.com/sys-master/images/haf/he3/8934729383966/200141591_8688.png_230Wx334H,new,L,Black,in stock,1699 INR,THE VANCA,IN,510 INR,1189 INR,,N,N,Women,LP,,female,
2,Shoppers Stop Product Feed 2018 Apr 17 16:30:08,Shoppers Stop Product Feed 2018 Apr 17 16:30:08,http://www.shoppersstop.com/,p-200141235,200141591,THE VANCA Women Polyester Dress  ONLINE INDIA,https://www.shoppersstop.com/THE-VANCA-Women-Polyester-Dress/p-200141235,flipkart amazon jabong myntra ajio tatacliq Abof Ajio Lifestyle Pantaloons Women Polyester Dress,2271,Westernwear,Dresses,https://sslimages.shoppersstop.com/sys-master/images/haf/he3/8934729383966/200141591_8688.png_230Wx334H,new,XL,Black,in stock,1699 INR,THE VANCA,IN,510 INR,1189 INR,,N,N,Women,LP,,female,
2,Shoppers Stop Product Feed 2018 Apr 17 16:30:08,Shoppers Stop Product Feed 2018 Apr 17 16:30:08,http://www.shoppersstop.com/,p-200141248,200141595,THE VANCA Women Georgette Dress  ONLINE INDIA,https://www.shoppersstop.com/THE-VANCA-Women-Georgette-Dress/p-200141248,flipkart amazon jabong myntra ajio tatacliq Abof Ajio Lifestyle Pantaloons Women Georgette Dress,2271,Westernwear,Dresses,https://sslimages.shoppersstop.com/sys-master/images/h1c/hc2/8934066126878/200141595_8688.png_230Wx334H,new,S,Black,in stock,1699 INR,THE VANCA,IN,510 INR,1189 INR,,N,N,Women,LP,,female,
2,Shoppers Stop Product Feed 2018 Apr 17 16:30:08,Shoppers Stop Product Feed 2018 Apr 17 16:30:08,http://www.shoppersstop.com/,p-200141249,200141595,THE VANCA Women Georgette Dress  ONLINE INDIA,https://www.shoppersstop.com/THE-VANCA-Women-Georgette-Dress/p-200141249,flipkart amazon jabong myntra ajio tatacliq Abof Ajio Lifestyle Pantaloons Women Georgette Dress,2271,Westernwear,Dresses,https://sslimages.shoppersstop.com/sys-master/images/h1c/hc2/8934066126878/200141595_8688.png_230Wx334H,new,M,Black,in stock,1699 INR,THE VANCA,IN,510 INR,1189 INR,,N,N,Women,LP,,female,
2,Shoppers Stop Product Feed 2018 Apr 17 16:30:08,Shoppers Stop Product Feed 2018 Apr 17 16:30:08,http://www.shoppersstop.com/,p-200141251,200141595,THE VANCA Women Georgette Dress  ONLINE INDIA,https://www.shoppersstop.com/THE-VANCA-Women-Georgette-Dress/p-200141251,flipkart amazon jabong myntra ajio tatacliq Abof Ajio Lifestyle Pantaloons Women Georgette Dress,2271,Westernwear,Dresses,https://sslimages.shoppersstop.com/sys-master/images/h1c/hc2/8934066126878/200141595_8688.png_230Wx334H,new,XL,Black,in stock,1699 INR,THE VANCA,IN,510 INR,1189 INR,,N,N,Women,LP,,female,
2,Shoppers Stop Product Feed 2018 Apr 17 16:30:08,Shoppers Stop Product Feed 2018 Apr 17 16:30:08,http://www.shoppersstop.com/,p-200141269,200141600,THE VANCA Women Polyester Dress  ONLINE INDIA,https://www.shoppersstop.com/THE-VANCA-Women-Polyester-Dress/p-200141269,flipkart amazon jabong myntra ajio tatacliq Abof Ajio Lifestyle Pantaloons A gorgeous polyester round necked sleeveless strawberry printed dress in regular fit.,2271,Westernwear,Dresses,https://sslimages.shoppersstop.com/sys-master/images/hb4/ha8/8931951706142/200141600_9100.png_230Wx334H,new,M,White,in stock,1699 INR,THE VANCA,IN,510 INR,1189 INR,,N,N,Women,LP,8907217059369,female,
2,Shoppers Stop Product Feed 2018 Apr 17 16:30:08,Shoppers Stop Product Feed 2018 Apr 17 16:30:08,http://www.shoppersstop.com/,p-200141270,200141600,THE VANCA Women Polyester Dress  ONLINE INDIA,https://www.shoppersstop.com/THE-VANCA-Women-Polyester-Dress/p-200141270,flipkart amazon jabong myntra ajio tatacliq Abof Ajio Lifestyle Pantaloons A gorgeous polyester round necked sleeveless strawberry printed dress in regular fit.,2271,Westernwear,Dresses,https://sslimages.shoppersstop.com/sys-master/images/hb4/ha8/8931951706142/200141600_9100.png_230Wx334H,new,L,White,in stock,1699 INR,THE VANCA,IN,510 INR,1189 INR,,N,N,Women,LP,8907217059376,female,
2,Shoppers Stop Product Feed 2018 Apr 17 16:30:08,Shoppers Stop Product Feed 2018 Apr 17 16:30:08,http://www.shoppersstop.com/,p-200141271,200141600,THE VANCA Women Polyester Dress  ONLINE INDIA,https://www.shoppersstop.com/THE-VANCA-Women-Polyester-Dress/p-200141271,flipkart amazon jabong myntra ajio tatacliq Abof Ajio Lifestyle Pantaloons A gorgeous polyester round necked sleeveless strawberry printed dress in regular fit.,2271,Westernwear,Dresses,https://sslimages.shoppersstop.com/sys-master/images/hb4/ha8/8931951706142/200141600_9100.png_230Wx334H,new,XL,White,in stock,1699 INR,THE VANCA,IN,510 INR,1189 INR,,N,N,Women,LP,8907217059383,female,
2,Shoppers Stop Product Feed 2018 Apr 17 16:30:08,Shoppers Stop Product Feed 2018 Apr 17 16:30:08,http://www.shoppersstop.com/,p-200141312,200141611,THE VANCA Women Blended Dress  ONLINE INDIA,https://www.shoppersstop.com/THE-VANCA-Women-Blended-Dress/p-200141312,flipkart amazon jabong myntra ajio tatacliq Abof Ajio Lifestyle Pantaloons Women Blended Dress,2271,Westernwear,Dresses,https://sslimages.shoppersstop.com/sys-master/images/h16/hac/8813092798494/200141611_9607.jpg_230Wx334H,new,S,Red,in stock,1699 INR,THE VANCA,IN,510 INR,1189 INR,,N,N,Women,LP,,female,
2,Shoppers Stop Product Feed 2018 Apr 17 16:30:08,Shoppers Stop Product Feed 2018 Apr 17 16:30:08,http://www.shoppersstop.com/,p-200141313,200141611,THE VANCA Women Blended Dress  ONLINE INDIA,https://www.shoppersstop.com/THE-VANCA-Women-Blended-Dress/p-200141313,flipkart amazon jabong myntra ajio tatacliq Abof Ajio Lifestyle Pantaloons Women Blended Dress,2271,Westernwear,Dresses,https://sslimages.shoppersstop.com/sys-master/images/h16/hac/8813092798494/200141611_9607.jpg_230Wx334H,new,M,Red,in stock,1699 INR,THE VANCA,IN,510 INR,1189 INR,,N,N,Women,LP,,female,
2,Shoppers Stop Product Feed 2018 Apr 17 16:30:08,Shoppers Stop Product Feed 2018 Apr 17 16:30:08,http://www.shoppersstop.com/,p-200141314,200141611,THE VANCA Women Blended Dress  ONLINE INDIA,https://www.shoppersstop.com/THE-VANCA-Women-Blended-Dress/p-200141314,flipkart amazon jabong myntra ajio tatacliq Abof Ajio Lifestyle Pantaloons Women Blended Dress,2271,Westernwear,Dresses,https://sslimages.shoppersstop.com/sys-master/images/h16/hac/8813092798494/200141611_9607.jpg_230Wx334H,new,L,Red,in stock,1699 INR,THE VANCA,IN,510 INR,1189 INR,,N,N,Women,LP,,female,
2,Shoppers Stop Product Feed 2018 Apr 17 16:30:08,Shoppers Stop Product Feed 2018 Apr 17 16:30:08,http://www.shoppersstop.com/,p-200141384,200141628,THE VANCA Women Blended Shorts  ONLINE INDIA,https://www.shoppersstop.com/THE-VANCA-Women-Blended-Shorts/p-200141384,flipkart amazon jabong myntra ajio tatacliq Abof Ajio Lifestyle Pantaloons Women Blended Shorts,207,Westernwear,Capris & Shorts,https://sslimages.shoppersstop.com/sys-master/images/h9a/h10/8814159921182/200141628_8688.jpg_230Wx334H,new,L,Black,in stock,1299 INR,THE VANCA,IN,390 INR,909 INR,,N,Y,Women,LP,,female,
2,Shoppers Stop Product Feed 2018 Apr 17 16:30:08,Shoppers Stop Product Feed 2018 Apr 17 16:30:08,http://www.shoppersstop.com/,p-200141385,200141628,THE VANCA Women Blended Shorts  ONLINE INDIA,https://www.shoppersstop.com/THE-VANCA-Women-Blended-Shorts/p-200141385,flipkart amazon jabong myntra ajio tatacliq Abof Ajio Lifestyle Pantaloons Women Blended Shorts,207,Westernwear,Capris & Shorts,https://sslimages.shoppersstop.com/sys-master/images/h9a/h10/8814159921182/200141628_8688.jpg_230Wx334H,new,XL,Black,in stock,1299 INR,THE VANCA,IN,390 INR,909 INR,,N,Y,Women,LP,,female,
2,Shoppers Stop Product Feed 2018 Apr 17 16:30:08,Shoppers Stop Product Feed 2018 Apr 17 16:30:08,http://www.shoppersstop.com/,p-200141197,200141582,THE VANCA Women Cotton Dress  ONLINE INDIA,https://www.shoppersstop.com/THE-VANCA-Women-Cotton-Dress/p-200141197,flipkart amazon jabong myntra ajio tatacliq Abof Ajio Lifestyle Pantaloons Women Cotton Dress,2271,Westernwear,Dresses,https://sslimages.shoppersstop.com/sys-master/images/hde/hce/8812517916702/200141582_9607.jpg_230Wx334H,new,M,Red,in stock,1699 INR,THE VANCA,IN,510 INR,1189 INR,,N,Y,Women,LP,,female,
2,Shoppers Stop Product Feed 2018 Apr 17 16:30:08,Shoppers Stop Product Feed 2018 Apr 17 16:30:08,http://www.shoppersstop.com/,p-200141204,200141584,THE VANCA Women Blended Dress  ONLINE INDIA,https://www.shoppersstop.com/THE-VANCA-Women-Blended-Dress/p-200141204,flipkart amazon jabong myntra ajio tatacliq Abof Ajio Lifestyle Pantaloons Women Blended Dress,2271,Westernwear,Dresses,https://sslimages.shoppersstop.com/sys-master/images/h77/h6a/8933293555742/200141584_9654.png_230Wx334H,new,S,Purple,in stock,1299 INR,THE VANCA,IN,390 INR,909 INR,,N,Y,Women,LP,,female,
2,Shoppers Stop Product Feed 2018 Apr 17 16:30:08,Shoppers Stop Product Feed 2018 Apr 17 16:30:08,http://www.shoppersstop.com/,p-200141224,200141589,THE VANCA Women Polyester Dress  ONLINE INDIA,https://www.shoppersstop.com/THE-VANCA-Women-Polyester-Dress/p-200141224,flipkart amazon jabong myntra ajio tatacliq Abof Ajio Lifestyle Pantaloons Women Polyester Dress,2271,Westernwear,Dresses,https://sslimages.shoppersstop.com/sys-master/images/hf7/h8b/8813310509086/200141589_9212.jpg_230Wx334H,new,S,Black,in stock,1699 INR,THE VANCA,IN,510 INR,1189 INR,,N,N,Women,LP,,female,
2,Shoppers Stop Product Feed 2018 Apr 17 16:30:08,Shoppers Stop Product Feed 2018 Apr 17 16:30:08,http://www.shoppersstop.com/,p-200506929,200508120,THE VANCA Women Sleeveless Lace Dress  ONLINE INDIA,https://www.shoppersstop.com/THE-VANCA-Women-Sleeveless-Lace-Dress/p-200506929,"flipkart amazon jabong myntra ajio tatacliq Abof Ajio Lifestyle Pantaloons Your search for the perfect cute lace dress ends here. This gorgeous piece is made from a super-fine quality lace that feels extremely comfortable against the skin and lends you a great fit. Cinched at the waist, it is sleeveless and looks stunning with a hint of pop as the ultimate accessory.",2271,Westernwear,Dresses,https://sslimages.shoppersstop.com/sys-master/images/h72/h7a/9064215904286/200508120_9607.jpg_230Wx334H,new,L,Red,in stock,2199 INR,THE VANCA,IN,660 INR,1539 INR,,N,N,Women,LP,,female,
2,Shoppers Stop Product Feed 2018 Apr 17 16:30:08,Shoppers Stop Product Feed 2018 Apr 17 16:30:08,http://www.shoppersstop.com/,p-200506930,200508120,THE VANCA Women Sleeveless Lace Dress  ONLINE INDIA,https://www.shoppersstop.com/THE-VANCA-Women-Sleeveless-Lace-Dress/p-200506930,"flipkart amazon jabong myntra ajio tatacliq Abof Ajio Lifestyle Pantaloons Your search for the perfect cute lace dress ends here. This gorgeous piece is made from a super-fine quality lace that feels extremely comfortable against the skin and lends you a great fit. Cinched at the waist, it is sleeveless and looks stunning with a hint of pop as the ultimate accessory.",2271,Westernwear,Dresses,https://sslimages.shoppersstop.com/sys-master/images/h72/h7a/9064215904286/200508120_9607.jpg_230Wx334H,new,XL,Red,in stock,2199 INR,THE VANCA,IN,660 INR,1539 INR,,N,N,Women,LP,,female,
2,Shoppers Stop Product Feed 2018 Apr 17 16:30:08,Shoppers Stop Product Feed 2018 Apr 17 16:30:08,http://www.shoppersstop.com/,p-200506375,200507983,PURYS Women Monochrome Printed Maxi Dress  ONLINE INDIA,https://www.shoppersstop.com/PURYS-Women-Monochrome-Printed-Maxi-Dress/p-200506375,"flipkart amazon jabong myntra ajio tatacliq Abof Ajio Lifestyle Pantaloons Be an effortless fashionista with this maxi dress. It comes in monochromatic shades that lend it a timeless appeal. The long sleeves and side slit add to your ease. Featuring a charming patterned print, it is the definition of trendy comfort.",2271,Westernwear,Dresses,https://sslimages.shoppersstop.com/sys-master/images/h11/hb6/9064888172574/200507983_9204.jpg_230Wx334H,new,M,Grey,in stock,1999 INR,PURYS,IN,1299 INR,700 INR,,N,N,Women,LP,,female,
2,Shoppers Stop Product Feed 2018 Apr 17 16:30:08,Shoppers Stop Product Feed 2018 Apr 17 16:30:08,http://www.shoppersstop.com/,p-200506376,200507983,PURYS Women Monochrome Printed Maxi Dress  ONLINE INDIA,https://www.shoppersstop.com/PURYS-Women-Monochrome-Printed-Maxi-Dress/p-200506376,"flipkart amazon jabong myntra ajio tatacliq Abof Ajio Lifestyle Pantaloons Be an effortless fashionista with this maxi dress. It comes in monochromatic shades that lend it a timeless appeal. The long sleeves and side slit add to your ease. Featuring a charming patterned print, it is the definition of trendy comfort.",2271,Westernwear,Dresses,https://sslimages.shoppersstop.com/sys-master/images/h11/hb6/9064888172574/200507983_9204.jpg_230Wx334H,new,L,Grey,in stock,1999 INR,PURYS,IN,1299 INR,700 INR,,N,N,Women,LP,,female,
2,Shoppers Stop Product Feed 2018 Apr 17 16:30:08,Shoppers Stop Product Feed 2018 Apr 17 16:30:08,http://www.shoppersstop.com/,p-200506777,200508083,THE VANCA Women Short Dress with Lace Sleeves  ONLINE INDIA,https://www.shoppersstop.com/THE-VANCA-Women-Short-Dress-with-Lace-Sleeves/p-200506777,"flipkart amazon jabong myntra ajio tatacliq Abof Ajio Lifestyle Pantaloons Look fierce and every bit a diva wearing this chic short dress that features three-fourth lace sleeves. Its closed round neck pattern lends an understated vibe, thus, creating a semi-formal and comfortable look. Made from a superior-quality fabric, this dress is a perfect pick for fun cocktail evenings.",2271,Westernwear,Dresses,https://sslimages.shoppersstop.com/sys-master/images/hdf/h74/9065782018078/200508083_9607.jpg_230Wx334H,new,L,Red,in stock,1499 INR,THE VANCA,IN,450 INR,1049 INR,,N,N,Women,LP,,female,
2,Shoppers Stop Product Feed 2018 Apr 17 16:30:08,Shoppers Stop Product Feed 2018 Apr 17 16:30:08,http://www.shoppersstop.com/,p-200506797,200508088,THE VANCA Women Sleeveless Maxi Dress  ONLINE INDIA,https://www.shoppersstop.com/THE-VANCA-Women-Sleeveless-Maxi-Dress/p-200506797,"flipkart amazon jabong myntra ajio tatacliq Abof Ajio Lifestyle Pantaloons Exhibit a chic vibe as you head out wearing this classy long dress. With a stylishly pleated neck and a sleeveless pattern, it ensures that you look your best and feel comfortable all the while you're wearing it. Team the dress up with a pair of strappy stilettos to elevate your look further.",2271,Westernwear,Dresses,https://sslimages.shoppersstop.com/sys-master/images/hd9/h5b/9145950208030/200508088_9115.png_230Wx334H,new,L,Camel,in stock,1999 INR,THE VANCA,IN,600 INR,1399 INR,,N,N,Women,LP,,female,
2,Shoppers Stop Product Feed 2018 Apr 17 16:30:08,Shoppers Stop Product Feed 2018 Apr 17 16:30:08,http://www.shoppersstop.com/,p-200506377,200507983,PURYS Women Monochrome Printed Maxi Dress  ONLINE INDIA,https://www.shoppersstop.com/PURYS-Women-Monochrome-Printed-Maxi-Dress/p-200506377,"flipkart amazon jabong myntra ajio tatacliq Abof Ajio Lifestyle Pantaloons Be an effortless fashionista with this maxi dress. It comes in monochromatic shades that lend it a timeless appeal. The long sleeves and side slit add to your ease. Featuring a charming patterned print, it is the definition of trendy comfort.",2271,Westernwear,Dresses,https://sslimages.shoppersstop.com/sys-master/images/h11/hb6/9064888172574/200507983_9204.jpg_230Wx334H,new,XL,Grey,in stock,1999 INR,PURYS,IN,1299 INR,700 INR,,N,N,Women,LP,,female,
2,Shoppers Stop Product Feed 2018 Apr 17 16:30:08,Shoppers Stop Product Feed 2018 Apr 17 16:30:08,http://www.shoppersstop.com/,p-200506798,200508088,THE VANCA Women Sleeveless Maxi Dress  ONLINE INDIA,https://www.shoppersstop.com/THE-VANCA-Women-Sleeveless-Maxi-Dress/p-200506798,"flipkart amazon jabong myntra ajio tatacliq Abof Ajio Lifestyle Pantaloons Exhibit a chic vibe as you head out wearing this classy long dress. With a stylishly pleated neck and a sleeveless pattern, it ensures that you look your best and feel comfortable all the while you're wearing it. Team the dress up with a pair of strappy stilettos to elevate your look further.",2271,Westernwear,Dresses,https://sslimages.shoppersstop.com/sys-master/images/hd9/h5b/9145950208030/200508088_9115.png_230Wx334H,new,XL,Camel,in stock,1999 INR,THE VANCA,IN,600 INR,1399 INR,,N,N,Women,LP,,female,
2,Shoppers Stop Product Feed 2018 Apr 17 16:30:08,Shoppers Stop Product Feed 2018 Apr 17 16:30:08,http://www.shoppersstop.com/,p-200506813,200508092,THE VANCA Women Halter Neck Maxi Dress with Lace Trim  ONLINE INDIA,https://www.shoppersstop.com/THE-VANCA-Women-Halter-Neck-Maxi-Dress-with-Lace-Trim/p-200506813,"flipkart amazon jabong myntra ajio tatacliq Abof Ajio Lifestyle Pantaloons Take to the streets looking divalicious with this super-classy long dress that lends you a chic look like none other. Its attractive half-lace pattern is what truly makes the dress stand out. Made from a superior-quality fabric, it can be teamed up as easily with flats as a pair of high-heeled stilettos.",2271,Westernwear,Dresses,https://sslimages.shoppersstop.com/sys-master/images/h4b/h21/9065937043486/200508092_9212.jpg_230Wx334H,new,L,Black,in stock,2299 INR,THE VANCA,IN,690 INR,1609 INR,,N,Y,Women,LP,,female,
2,Shoppers Stop Product Feed 2018 Apr 17 16:30:08,Shoppers Stop Product Feed 2018 Apr 17 16:30:08,http://www.shoppersstop.com/,p-200506827,200508096,THE VANCA Women Floral Print Layered Maxi Dress  ONLINE INDIA,https://www.shoppersstop.com/THE-VANCA-Women-Floral-Print-Layered-Maxi-Dress/p-200506827,"flipkart amazon jabong myntra ajio tatacliq Abof Ajio Lifestyle Pantaloons Take on the fashion world in this stunning long dress that features a V-neck and a layered hemline. Its stylish ruffled neck pattern adds a nice touch to the dress, whereas, the short sleeves ensure that you stay comfortable all day long. Team it with a pair of oxfords to emanate a casual-chic vibe.",2271,Westernwear,Dresses,https://sslimages.shoppersstop.com/sys-master/images/hab/h79/9065842573342/200508096_9212.jpg_230Wx334H,new,S,Black,in stock,2199 INR,THE VANCA,IN,660 INR,1539 INR,,N,N,Women,LP,,female,
2,Shoppers Stop Product Feed 2018 Apr 17 16:30:08,Shoppers Stop Product Feed 2018 Apr 17 16:30:08,http://www.shoppersstop.com/,p-200506828,200508096,THE VANCA Women Floral Print Layered Maxi Dress  ONLINE INDIA,https://www.shoppersstop.com/THE-VANCA-Women-Floral-Print-Layered-Maxi-Dress/p-200506828,"flipkart amazon jabong myntra ajio tatacliq Abof Ajio Lifestyle Pantaloons Take on the fashion world in this stunning long dress that features a V-neck and a layered hemline. Its stylish ruffled neck pattern adds a nice touch to the dress, whereas, the short sleeves ensure that you stay comfortable all day long. Team it with a pair of oxfords to emanate a casual-chic vibe.",2271,Westernwear,Dresses,https://sslimages.shoppersstop.com/sys-master/images/hab/h79/9065842573342/200508096_9212.jpg_230Wx334H,new,M,Black,in stock,2199 INR,THE VANCA,IN,660 INR,1539 INR,,N,N,Women,LP,,female,
2,Shoppers Stop Product Feed 2018 Apr 17 16:30:08,Shoppers Stop Product Feed 2018 Apr 17 16:30:08,http://www.shoppersstop.com/,p-200506620,200508044,THE VANCA Women Short Denim Dress  ONLINE INDIA,https://www.shoppersstop.com/THE-VANCA-Women-Short-Denim-Dress/p-200506620,"flipkart amazon jabong myntra ajio tatacliq Abof Ajio Lifestyle Pantaloons Your collection of dresses isn't complete without this trendy collared denim dress. Perfect for a day out with your Girl pals, it features button-down style, two front pockets as well as two side pockets for your convenience. The adjustable denim belt at the waist ensures that the dress fits you well and lends a great shape.",2271,Westernwear,Dresses,https://sslimages.shoppersstop.com/sys-master/images/h49/h97/9065207693342/200508044_9308.jpg_230Wx334H,new,M,Blue,in stock,1999 INR,THE VANCA,IN,1000 INR,999 INR,,N,Y,Women,LP,,female,
2,Shoppers Stop Product Feed 2018 Apr 17 16:30:08,Shoppers Stop Product Feed 2018 Apr 17 16:30:08,http://www.shoppersstop.com/,p-200506859,200508104,THE VANCA Women Sleeveless Dress with Sheer Yoke  ONLINE INDIA,https://www.shoppersstop.com/THE-VANCA-Women-Sleeveless-Dress-with-Sheer-Yoke/p-200506859,flipkart amazon jabong myntra ajio tatacliq Abof Ajio Lifestyle Pantaloons Exhibit your toned figure in this cute fitted dress. Its vibrant sheer pattern neck is graced with attractive polka dots that add oomph to the dress. Team it up with a pair of contrasting peep-toes and a box clutch to take your look to another level.,2271,Westernwear,Dresses,https://sslimages.shoppersstop.com/sys-master/images/hb4/ha4/9145471500318/200508104_9308.png_230Wx334H,new,S,Blue,in stock,1999 INR,THE VANCA,IN,600 INR,1399 INR,,N,N,Women,LP,,female,
2,Shoppers Stop Product Feed 2018 Apr 17 16:30:08,Shoppers Stop Product Feed 2018 Apr 17 16:30:08,http://www.shoppersstop.com/,p-200506860,200508104,THE VANCA Women Sleeveless Dress with Sheer Yoke  ONLINE INDIA,https://www.shoppersstop.com/THE-VANCA-Women-Sleeveless-Dress-with-Sheer-Yoke/p-200506860,flipkart amazon jabong myntra ajio tatacliq Abof Ajio Lifestyle Pantaloons Exhibit your toned figure in this cute fitted dress. Its vibrant sheer pattern neck is graced with attractive polka dots that add oomph to the dress. Team it up with a pair of contrasting peep-toes and a box clutch to take your look to another level.,2271,Westernwear,Dresses,https://sslimages.shoppersstop.com/sys-master/images/hb4/ha4/9145471500318/200508104_9308.png_230Wx334H,new,M,Blue,in stock,1999 INR,THE VANCA,IN,600 INR,1399 INR,,N,N,Women,LP,,female,
2,Shoppers Stop Product Feed 2018 Apr 17 16:30:08,Shoppers Stop Product Feed 2018 Apr 17 16:30:08,http://www.shoppersstop.com/,p-200533524,200533486,FEMINA FLAUNT Womens Sleeveless Dress  ONLINE INDIA,https://www.shoppersstop.com/FEMINA-FLAUNT-Womens-Sleeveless-Dress/p-200533524,"flipkart amazon jabong myntra ajio tatacliq Abof Ajio Lifestyle Pantaloons Attain a regal charm with this unique dress. It features a stylish fit with a waistline belt that lends it an enticing look. Sporting an embellished sleeveless design and a deep V-neck at the back, it casts a stylish appeal.",2271,Westernwear,Dresses,https://sslimages.shoppersstop.com/sys-master/images/h87/ha0/9257156345886/200533486_9212.png_230Wx334H,new,S,Black,in stock,2699 INR,FEMINA FLAUNT,IN,1080 INR,1619 INR,,N,Y,Women,LP,,female,
2,Shoppers Stop Product Feed 2018 Apr 17 16:30:08,Shoppers Stop Product Feed 2018 Apr 17 16:30:08,http://www.shoppersstop.com/,p-200506861,200508104,THE VANCA Women Sleeveless Dress with Sheer Yoke  ONLINE INDIA,https://www.shoppersstop.com/THE-VANCA-Women-Sleeveless-Dress-with-Sheer-Yoke/p-200506861,flipkart amazon jabong myntra ajio tatacliq Abof Ajio Lifestyle Pantaloons Exhibit your toned figure in this cute fitted dress. Its vibrant sheer pattern neck is graced with attractive polka dots that add oomph to the dress. Team it up with a pair of contrasting peep-toes and a box clutch to take your look to another level.,2271,Westernwear,Dresses,https://sslimages.shoppersstop.com/sys-master/images/hb4/ha4/9145471500318/200508104_9308.png_230Wx334H,new,L,Blue,in stock,1999 INR,THE VANCA,IN,600 INR,1399 INR,,N,N,Women,LP,,female,
2,Shoppers Stop Product Feed 2018 Apr 17 16:30:08,Shoppers Stop Product Feed 2018 Apr 17 16:30:08,http://www.shoppersstop.com/,p-200506863,200508104,THE VANCA Women Sleeveless Dress with Sheer Yoke  ONLINE INDIA,https://www.shoppersstop.com/THE-VANCA-Women-Sleeveless-Dress-with-Sheer-Yoke/p-200506863,flipkart amazon jabong myntra ajio tatacliq Abof Ajio Lifestyle Pantaloons Exhibit your toned figure in this cute fitted dress. Its vibrant sheer pattern neck is graced with attractive polka dots that add oomph to the dress. Team it up with a pair of contrasting peep-toes and a box clutch to take your look to another level.,2271,Westernwear,Dresses,https://sslimages.shoppersstop.com/sys-master/images/hb4/ha4/9145471500318/200508104_9308.png_230Wx334H,new,XL,Blue,in stock,1999 INR,THE VANCA,IN,600 INR,1399 INR,,N,N,Women,LP,,female,
2,Shoppers Stop Product Feed 2018 Apr 17 16:30:08,Shoppers Stop Product Feed 2018 Apr 17 16:30:08,http://www.shoppersstop.com/,p-200506695,200508063,THE VANCA Women Round Neck A-Line Dres  ONLINE INDIA,https://www.shoppersstop.com/THE-VANCA-Women-Round-Neck-A-Line-Dres/p-200506695,"flipkart amazon jabong myntra ajio tatacliq Abof Ajio Lifestyle Pantaloons Emanate oodles of femininity with this gorgeous A-line dress. Featuring a round neck and a trendy ribbon belt to cinch your waist, it makes outings a whole lot of fun. Team this dress up with a pair of cutesy ballerinas for a day look, and with pointy stilettos for an evening out with your Girl pals.",2271,Westernwear,Dresses,https://sslimages.shoppersstop.com/sys-master/images/hce/h4d/9064071069726/200508063_9212.jpg_230Wx334H,new,S,Black,in stock,2199 INR,THE VANCA,IN,660 INR,1539 INR,,N,N,Women,LP,,female,
2,Shoppers Stop Product Feed 2018 Apr 17 16:30:08,Shoppers Stop Product Feed 2018 Apr 17 16:30:08,http://www.shoppersstop.com/,p-200506696,200508063,THE VANCA Women Round Neck A-Line Dres  ONLINE INDIA,https://www.shoppersstop.com/THE-VANCA-Women-Round-Neck-A-Line-Dres/p-200506696,"flipkart amazon jabong myntra ajio tatacliq Abof Ajio Lifestyle Pantaloons Emanate oodles of femininity with this gorgeous A-line dress. Featuring a round neck and a trendy ribbon belt to cinch your waist, it makes outings a whole lot of fun. Team this dress up with a pair of cutesy ballerinas for a day look, and with pointy stilettos for an evening out with your Girl pals.",2271,Westernwear,Dresses,https://sslimages.shoppersstop.com/sys-master/images/hce/h4d/9064071069726/200508063_9212.jpg_230Wx334H,new,M,Black,in stock,2199 INR,THE VANCA,IN,660 INR,1539 INR,,N,N,Women,LP,,female,
2,Shoppers Stop Product Feed 2018 Apr 17 16:30:08,Shoppers Stop Product Feed 2018 Apr 17 16:30:08,http://www.shoppersstop.com/,p-200506868,200508105,THE VANCA Women Sleeveless Skater Dress  ONLINE INDIA,https://www.shoppersstop.com/THE-VANCA-Women-Sleeveless-Skater-Dress/p-200506868,"flipkart amazon jabong myntra ajio tatacliq Abof Ajio Lifestyle Pantaloons Look effortlessly chic wearing this trendy skater dress. Featuring a monochrome leopard print on the bottom half, this sleeveless dress is graced with a modish chain at the back to lend your figure a nice fit. Crafted with fine-quality fabric, it puts all your fashion woes to a stylish halt.",2271,Westernwear,Dresses,https://sslimages.shoppersstop.com/sys-master/images/hec/h01/9145209815070/200508105_9101.png_230Wx334H,new,M,Off White,in stock,1999 INR,THE VANCA,IN,600 INR,1399 INR,,N,N,Women,LP,,female,
2,Shoppers Stop Product Feed 2018 Apr 17 16:30:08,Shoppers Stop Product Feed 2018 Apr 17 16:30:08,http://www.shoppersstop.com/,p-200506869,200508105,THE VANCA Women Sleeveless Skater Dress  ONLINE INDIA,https://www.shoppersstop.com/THE-VANCA-Women-Sleeveless-Skater-Dress/p-200506869,"flipkart amazon jabong myntra ajio tatacliq Abof Ajio Lifestyle Pantaloons Look effortlessly chic wearing this trendy skater dress. Featuring a monochrome leopard print on the bottom half, this sleeveless dress is graced with a modish chain at the back to lend your figure a nice fit. Crafted with fine-quality fabric, it puts all your fashion woes to a stylish halt.",2271,Westernwear,Dresses,https://sslimages.shoppersstop.com/sys-master/images/hec/h01/9145209815070/200508105_9101.png_230Wx334H,new,L,Off White,in stock,1999 INR,THE VANCA,IN,600 INR,1399 INR,,N,N,Women,LP,,female,
2,Shoppers Stop Product Feed 2018 Apr 17 16:30:08,Shoppers Stop Product Feed 2018 Apr 17 16:30:08,http://www.shoppersstop.com/,p-200506700,200508064,THE VANCA Women Short Dress with Printed Yoke  ONLINE INDIA,https://www.shoppersstop.com/THE-VANCA-Women-Short-Dress-with-Printed-Yoke/p-200506700,"flipkart amazon jabong myntra ajio tatacliq Abof Ajio Lifestyle Pantaloons Look like a true diva wearing this alluring monochrome A-line dress that hugs your figure like none other. Featuring a hint of print in the front and a comfortable ribbon belt to cinch your waist, it brings out the true stylista in you. Complete your look with a pair of Mary Janes and a leather sling and emerge effortlessly stylish.",2271,Westernwear,Dresses,https://sslimages.shoppersstop.com/sys-master/images/he4/h2b/9145686491166/200508064_9212.png_230Wx334H,new,M,Black,in stock,2199 INR,THE VANCA,IN,660 INR,1539 INR,,N,N,Women,LP,,female,
2,Shoppers Stop Product Feed 2018 Apr 17 16:30:08,Shoppers Stop Product Feed 2018 Apr 17 16:30:08,http://www.shoppersstop.com/,p-200506702,200508064,THE VANCA Women Short Dress with Printed Yoke  ONLINE INDIA,https://www.shoppersstop.com/THE-VANCA-Women-Short-Dress-with-Printed-Yoke/p-200506702,"flipkart amazon jabong myntra ajio tatacliq Abof Ajio Lifestyle Pantaloons Look like a true diva wearing this alluring monochrome A-line dress that hugs your figure like none other. Featuring a hint of print in the front and a comfortable ribbon belt to cinch your waist, it brings out the true stylista in you. Complete your look with a pair of Mary Janes and a leather sling and emerge effortlessly stylish.",2271,Westernwear,Dresses,https://sslimages.shoppersstop.com/sys-master/images/he4/h2b/9145686491166/200508064_9212.png_230Wx334H,new,XL,Black,in stock,2199 INR,THE VANCA,IN,660 INR,1539 INR,,N,N,Women,LP,,female,
2,Shoppers Stop Product Feed 2018 Apr 17 16:30:08,Shoppers Stop Product Feed 2018 Apr 17 16:30:08,http://www.shoppersstop.com/,p-200506870,200508105,THE VANCA Women Sleeveless Skater Dress  ONLINE INDIA,https://www.shoppersstop.com/THE-VANCA-Women-Sleeveless-Skater-Dress/p-200506870,"flipkart amazon jabong myntra ajio tatacliq Abof Ajio Lifestyle Pantaloons Look effortlessly chic wearing this trendy skater dress. Featuring a monochrome leopard print on the bottom half, this sleeveless dress is graced with a modish chain at the back to lend your figure a nice fit. Crafted with fine-quality fabric, it puts all your fashion woes to a stylish halt.",2271,Westernwear,Dresses,https://sslimages.shoppersstop.com/sys-master/images/hec/h01/9145209815070/200508105_9101.png_230Wx334H,new,XL,Off White,in stock,1999 INR,THE VANCA,IN,600 INR,1399 INR,,N,N,Women,LP,,female,
2,Shoppers Stop Product Feed 2018 Apr 17 16:30:08,Shoppers Stop Product Feed 2018 Apr 17 16:30:08,http://www.shoppersstop.com/,p-200506883,200508109,THE VANCA Women Lace Top Short Dress  ONLINE INDIA,https://www.shoppersstop.com/THE-VANCA-Women-Lace-Top-Short-Dress/p-200506883,"flipkart amazon jabong myntra ajio tatacliq Abof Ajio Lifestyle Pantaloons Take the high road to fashion in this gorgeous cocktail dress that's sure to make you look like a diva. Featuring a stylish lace pattern and flared half sleeves, it is cinched at the waist to lend you a classy and comfortable look. Team it up with a bling clutch and stilettos to complete your look in style.",2271,Westernwear,Dresses,https://sslimages.shoppersstop.com/sys-master/images/hed/hc2/9145154371614/200508109_9612.png_230Wx334H,new,S,Maroon,in stock,2499 INR,THE VANCA,IN,750 INR,1749 INR,,N,N,Women,LP,,female,
2,Shoppers Stop Product Feed 2018 Apr 17 16:30:08,Shoppers Stop Product Feed 2018 Apr 17 16:30:08,http://www.shoppersstop.com/,p-200506707,200508066,THE VANCA Women Gradient Printed Midi Dress  ONLINE INDIA,https://www.shoppersstop.com/THE-VANCA-Women-Gradient-Printed-Midi-Dress/p-200506707,"flipkart amazon jabong myntra ajio tatacliq Abof Ajio Lifestyle Pantaloons Exude a stylishly feminine feel with this graceful mid-length dress that lends a nice touch to your look. Featuring a striking high-low hemline, it is cinched at the waist and showcases an attractive fading print that instantly catches attention. Made from a superior-quality fabric, this dress is a must-have in every fashionista's closet.",2271,Westernwear,Dresses,https://sslimages.shoppersstop.com/sys-master/images/hbf/h39/9064330854430/200508066_9212.jpg_230Wx334H,new,S,Black,in stock,2199 INR,THE VANCA,IN,660 INR,1539 INR,,N,N,Women,LP,,female,
2,Shoppers Stop Product Feed 2018 Apr 17 16:30:08,Shoppers Stop Product Feed 2018 Apr 17 16:30:08,http://www.shoppersstop.com/,p-200506708,200508066,THE VANCA Women Gradient Printed Midi Dress  ONLINE INDIA,https://www.shoppersstop.com/THE-VANCA-Women-Gradient-Printed-Midi-Dress/p-200506708,"flipkart amazon jabong myntra ajio tatacliq Abof Ajio Lifestyle Pantaloons Exude a stylishly feminine feel with this graceful mid-length dress that lends a nice touch to your look. Featuring a striking high-low hemline, it is cinched at the waist and showcases an attractive fading print that instantly catches attention. Made from a superior-quality fabric, this dress is a must-have in every fashionista's closet.",2271,Westernwear,Dresses,https://sslimages.shoppersstop.com/sys-master/images/hbf/h39/9064330854430/200508066_9212.jpg_230Wx334H,new,M,Black,in stock,2199 INR,THE VANCA,IN,660 INR,1539 INR,,N,N,Women,LP,,female,
2,Shoppers Stop Product Feed 2018 Apr 17 16:30:08,Shoppers Stop Product Feed 2018 Apr 17 16:30:08,http://www.shoppersstop.com/,p-200506884,200508109,THE VANCA Women Lace Top Short Dress  ONLINE INDIA,https://www.shoppersstop.com/THE-VANCA-Women-Lace-Top-Short-Dress/p-200506884,"flipkart amazon jabong myntra ajio tatacliq Abof Ajio Lifestyle Pantaloons Take the high road to fashion in this gorgeous cocktail dress that's sure to make you look like a diva. Featuring a stylish lace pattern and flared half sleeves, it is cinched at the waist to lend you a classy and comfortable look. Team it up with a bling clutch and stilettos to complete your look in style.",2271,Westernwear,Dresses,https://sslimages.shoppersstop.com/sys-master/images/hed/hc2/9145154371614/200508109_9612.png_230Wx334H,new,M,Maroon,in stock,2499 INR,THE VANCA,IN,750 INR,1749 INR,,N,N,Women,LP,,female,
2,Shoppers Stop Product Feed 2018 Apr 17 16:30:08,Shoppers Stop Product Feed 2018 Apr 17 16:30:08,http://www.shoppersstop.com/,p-200506885,200508109,THE VANCA Women Lace Top Short Dress  ONLINE INDIA,https://www.shoppersstop.com/THE-VANCA-Women-Lace-Top-Short-Dress/p-200506885,"flipkart amazon jabong myntra ajio tatacliq Abof Ajio Lifestyle Pantaloons Take the high road to fashion in this gorgeous cocktail dress that's sure to make you look like a diva. Featuring a stylish lace pattern and flared half sleeves, it is cinched at the waist to lend you a classy and comfortable look. Team it up with a bling clutch and stilettos to complete your look in style.",2271,Westernwear,Dresses,https://sslimages.shoppersstop.com/sys-master/images/hed/hc2/9145154371614/200508109_9612.png_230Wx334H,new,L,Maroon,in stock,2499 INR,THE VANCA,IN,750 INR,1749 INR,,N,N,Women,LP,,female,
2,Shoppers Stop Product Feed 2018 Apr 17 16:30:08,Shoppers Stop Product Feed 2018 Apr 17 16:30:08,http://www.shoppersstop.com/,p-200506709,200508066,THE VANCA Women Gradient Printed Midi Dress  ONLINE INDIA,https://www.shoppersstop.com/THE-VANCA-Women-Gradient-Printed-Midi-Dress/p-200506709,"flipkart amazon jabong myntra ajio tatacliq Abof Ajio Lifestyle Pantaloons Exude a stylishly feminine feel with this graceful mid-length dress that lends a nice touch to your look. Featuring a striking high-low hemline, it is cinched at the waist and showcases an attractive fading print that instantly catches attention. Made from a superior-quality fabric, this dress is a must-have in every fashionista's closet.",2271,Westernwear,Dresses,https://sslimages.shoppersstop.com/sys-master/images/hbf/h39/9064330854430/200508066_9212.jpg_230Wx334H,new,L,Black,in stock,2199 INR,THE VANCA,IN,660 INR,1539 INR,,N,N,Women,LP,,female,
2,Shoppers Stop Product Feed 2018 Apr 17 16:30:08,Shoppers Stop Product Feed 2018 Apr 17 16:30:08,http://www.shoppersstop.com/,p-200506755,200508078,THE VANCA Women Short Sleeves Skater Dress  ONLINE INDIA,https://www.shoppersstop.com/THE-VANCA-Women-Short-Sleeves-Skater-Dress/p-200506755,"flipkart amazon jabong myntra ajio tatacliq Abof Ajio Lifestyle Pantaloons A must-have in every woman's closet, this super-cute dress will transform your wardrobe like none other. It is made from superior-quality material and features short sleeves and minimalistic neck pattern that adds oomph to the whole dress. To take your look to another level, team this dress with a pair of pop-coloured stiletto shoes.",2271,Westernwear,Dresses,https://sslimages.shoppersstop.com/sys-master/images/h63/h54/9145945686046/200508078_9212.png_230Wx334H,new,S,Black,in stock,1999 INR,THE VANCA,IN,600 INR,1399 INR,,N,N,Women,LP,,female,
2,Shoppers Stop Product Feed 2018 Apr 17 16:30:08,Shoppers Stop Product Feed 2018 Apr 17 16:30:08,http://www.shoppersstop.com/,p-200506886,200508109,THE VANCA Women Lace Top Short Dress  ONLINE INDIA,https://www.shoppersstop.com/THE-VANCA-Women-Lace-Top-Short-Dress/p-200506886,"flipkart amazon jabong myntra ajio tatacliq Abof Ajio Lifestyle Pantaloons Take the high road to fashion in this gorgeous cocktail dress that's sure to make you look like a diva. Featuring a stylish lace pattern and flared half sleeves, it is cinched at the waist to lend you a classy and comfortable look. Team it up with a bling clutch and stilettos to complete your look in style.",2271,Westernwear,Dresses,https://sslimages.shoppersstop.com/sys-master/images/hed/hc2/9145154371614/200508109_9612.png_230Wx334H,new,XL,Maroon,in stock,2499 INR,THE VANCA,IN,750 INR,1749 INR,,N,N,Women,LP,,female,
2,Shoppers Stop Product Feed 2018 Apr 17 16:30:08,Shoppers Stop Product Feed 2018 Apr 17 16:30:08,http://www.shoppersstop.com/,p-200506887,200508110,THE VANCA Women Lace Top Short Dress  ONLINE INDIA,https://www.shoppersstop.com/THE-VANCA-Women-Lace-Top-Short-Dress/p-200506887,"flipkart amazon jabong myntra ajio tatacliq Abof Ajio Lifestyle Pantaloons Take the high road to fashion in this gorgeous cocktail dress that's sure to make you look like a diva. Featuring a stylish lace pattern and flared half sleeves, it is cinched at the waist to lend you a classy and comfortable look. Team it up with a bling clutch and stilettos to complete your look in style.",2271,Westernwear,Dresses,https://sslimages.shoppersstop.com/sys-master/images/had/h42/9145898106910/200508110_9212.png_230Wx334H,new,S,Black,in stock,2499 INR,THE VANCA,IN,750 INR,1749 INR,,N,N,Women,LP,,female,
2,Shoppers Stop Product Feed 2018 Apr 17 16:30:08,Shoppers Stop Product Feed 2018 Apr 17 16:30:08,http://www.shoppersstop.com/,p-200506756,200508078,THE VANCA Women Short Sleeves Skater Dress  ONLINE INDIA,https://www.shoppersstop.com/THE-VANCA-Women-Short-Sleeves-Skater-Dress/p-200506756,"flipkart amazon jabong myntra ajio tatacliq Abof Ajio Lifestyle Pantaloons A must-have in every woman's closet, this super-cute dress will transform your wardrobe like none other. It is made from superior-quality material and features short sleeves and minimalistic neck pattern that adds oomph to the whole dress. To take your look to another level, team this dress with a pair of pop-coloured stiletto shoes.",2271,Westernwear,Dresses,https://sslimages.shoppersstop.com/sys-master/images/h63/h54/9145945686046/200508078_9212.png_230Wx334H,new,M,Black,in stock,1999 INR,THE VANCA,IN,600 INR,1399 INR,,N,N,Women,LP,,female,
2,Shoppers Stop Product Feed 2018 Apr 17 16:30:08,Shoppers Stop Product Feed 2018 Apr 17 16:30:08,http://www.shoppersstop.com/,p-200506757,200508078,THE VANCA Women Short Sleeves Skater Dress  ONLINE INDIA,https://www.shoppersstop.com/THE-VANCA-Women-Short-Sleeves-Skater-Dress/p-200506757,"flipkart amazon jabong myntra ajio tatacliq Abof Ajio Lifestyle Pantaloons A must-have in every woman's closet, this super-cute dress will transform your wardrobe like none other. It is made from superior-quality material and features short sleeves and minimalistic neck pattern that adds oomph to the whole dress. To take your look to another level, team this dress with a pair of pop-coloured stiletto shoes.",2271,Westernwear,Dresses,https://sslimages.shoppersstop.com/sys-master/images/h63/h54/9145945686046/200508078_9212.png_230Wx334H,new,L,Black,in stock,1999 INR,THE VANCA,IN,600 INR,1399 INR,,N,N,Women,LP,,female,
2,Shoppers Stop Product Feed 2018 Apr 17 16:30:08,Shoppers Stop Product Feed 2018 Apr 17 16:30:08,http://www.shoppersstop.com/,p-200506888,200508110,THE VANCA Women Lace Top Short Dress  ONLINE INDIA,https://www.shoppersstop.com/THE-VANCA-Women-Lace-Top-Short-Dress/p-200506888,"flipkart amazon jabong myntra ajio tatacliq Abof Ajio Lifestyle Pantaloons Take the high road to fashion in this gorgeous cocktail dress that's sure to make you look like a diva. Featuring a stylish lace pattern and flared half sleeves, it is cinched at the waist to lend you a classy and comfortable look. Team it up with a bling clutch and stilettos to complete your look in style.",2271,Westernwear,Dresses,https://sslimages.shoppersstop.com/sys-master/images/had/h42/9145898106910/200508110_9212.png_230Wx334H,new,M,Black,in stock,2499 INR,THE VANCA,IN,750 INR,1749 INR,,N,N,Women,LP,,female,
2,Shoppers Stop Product Feed 2018 Apr 17 16:30:08,Shoppers Stop Product Feed 2018 Apr 17 16:30:08,http://www.shoppersstop.com/,p-200506889,200508110,THE VANCA Women Lace Top Short Dress  ONLINE INDIA,https://www.shoppersstop.com/THE-VANCA-Women-Lace-Top-Short-Dress/p-200506889,"flipkart amazon jabong myntra ajio tatacliq Abof Ajio Lifestyle Pantaloons Take the high road to fashion in this gorgeous cocktail dress that's sure to make you look like a diva. Featuring a stylish lace pattern and flared half sleeves, it is cinched at the waist to lend you a classy and comfortable look. Team it up with a bling clutch and stilettos to complete your look in style.",2271,Westernwear,Dresses,https://sslimages.shoppersstop.com/sys-master/images/had/h42/9145898106910/200508110_9212.png_230Wx334H,new,L,Black,in stock,2499 INR,THE VANCA,IN,750 INR,1749 INR,,N,N,Women,LP,,female,
2,Shoppers Stop Product Feed 2018 Apr 17 16:30:08,Shoppers Stop Product Feed 2018 Apr 17 16:30:08,http://www.shoppersstop.com/,p-200506758,200508078,THE VANCA Women Short Sleeves Skater Dress  ONLINE INDIA,https://www.shoppersstop.com/THE-VANCA-Women-Short-Sleeves-Skater-Dress/p-200506758,"flipkart amazon jabong myntra ajio tatacliq Abof Ajio Lifestyle Pantaloons A must-have in every woman's closet, this super-cute dress will transform your wardrobe like none other. It is made from superior-quality material and features short sleeves and minimalistic neck pattern that adds oomph to the whole dress. To take your look to another level, team this dress with a pair of pop-coloured stiletto shoes.",2271,Westernwear,Dresses,https://sslimages.shoppersstop.com/sys-master/images/h63/h54/9145945686046/200508078_9212.png_230Wx334H,new,XL,Black,in stock,1999 INR,THE VANCA,IN,600 INR,1399 INR,,N,N,Women,LP,,female,
2,Shoppers Stop Product Feed 2018 Apr 17 16:30:08,Shoppers Stop Product Feed 2018 Apr 17 16:30:08,http://www.shoppersstop.com/,p-200506761,200508079,THE VANCA Women Sleeveless Chequered Short Dress  ONLINE INDIA,https://www.shoppersstop.com/THE-VANCA-Women-Sleeveless-Chequered-Short-Dress/p-200506761,"flipkart amazon jabong myntra ajio tatacliq Abof Ajio Lifestyle Pantaloons Leave the days of fashion fixes behind you and opt for this stunning monochrome sleeveless dress. Graced with a vibrant chequered pattern, it hugs your figure in style, lending a chic, classy look. Slip into a pair of strappy stilettos and add a sequined sling bag to further elevate your look in style.",2271,Westernwear,Dresses,https://sslimages.shoppersstop.com/sys-master/images/h92/h65/9065753640990/200508079_9100.jpg_230Wx334H,new,L,White,in stock,2199 INR,THE VANCA,IN,660 INR,1539 INR,,N,N,Women,LP,,female,
2,Shoppers Stop Product Feed 2018 Apr 17 16:30:08,Shoppers Stop Product Feed 2018 Apr 17 16:30:08,http://www.shoppersstop.com/,p-200506890,200508110,THE VANCA Women Lace Top Short Dress  ONLINE INDIA,https://www.shoppersstop.com/THE-VANCA-Women-Lace-Top-Short-Dress/p-200506890,"flipkart amazon jabong myntra ajio tatacliq Abof Ajio Lifestyle Pantaloons Take the high road to fashion in this gorgeous cocktail dress that's sure to make you look like a diva. Featuring a stylish lace pattern and flared half sleeves, it is cinched at the waist to lend you a classy and comfortable look. Team it up with a bling clutch and stilettos to complete your look in style.",2271,Westernwear,Dresses,https://sslimages.shoppersstop.com/sys-master/images/had/h42/9145898106910/200508110_9212.png_230Wx334H,new,XL,Black,in stock,2499 INR,THE VANCA,IN,750 INR,1749 INR,,N,N,Women,LP,,female,
2,Shoppers Stop Product Feed 2018 Apr 17 16:30:08,Shoppers Stop Product Feed 2018 Apr 17 16:30:08,http://www.shoppersstop.com/,p-200506893,200508111,THE VANCA Women Sleeveless Lace Skater Dress  ONLINE INDIA,https://www.shoppersstop.com/THE-VANCA-Women-Sleeveless-Lace-Skater-Dress/p-200506893,"flipkart amazon jabong myntra ajio tatacliq Abof Ajio Lifestyle Pantaloons If you're looking for the perfect cocktail dress, this stunning lace skater dress is just what you need to oomph up your wardrobe. Graced with a stylish dual-toned print pattern, this sleeveless dress features a lace waist band that cinches your waist perfectly. Made from superior-quality material, it is an absolute delight to wear for those evening cocktail dinners.",2271,Westernwear,Dresses,https://sslimages.shoppersstop.com/sys-master/images/he9/hf1/9145582747678/200508111_9212.png_230Wx334H,new,L,Black,in stock,1999 INR,THE VANCA,IN,600 INR,1399 INR,,N,Y,Women,LP,,female,
2,Shoppers Stop Product Feed 2018 Apr 17 16:30:08,Shoppers Stop Product Feed 2018 Apr 17 16:30:08,http://www.shoppersstop.com/,p-200506762,200508079,THE VANCA Women Sleeveless Chequered Short Dress  ONLINE INDIA,https://www.shoppersstop.com/THE-VANCA-Women-Sleeveless-Chequered-Short-Dress/p-200506762,"flipkart amazon jabong myntra ajio tatacliq Abof Ajio Lifestyle Pantaloons Leave the days of fashion fixes behind you and opt for this stunning monochrome sleeveless dress. Graced with a vibrant chequered pattern, it hugs your figure in style, lending a chic, classy look. Slip into a pair of strappy stilettos and add a sequined sling bag to further elevate your look in style.",2271,Westernwear,Dresses,https://sslimages.shoppersstop.com/sys-master/images/h92/h65/9065753640990/200508079_9100.jpg_230Wx334H,new,XL,White,in stock,2199 INR,THE VANCA,IN,660 INR,1539 INR,,N,N,Women,LP,,female,
2,Shoppers Stop Product Feed 2018 Apr 17 16:30:08,Shoppers Stop Product Feed 2018 Apr 17 16:30:08,http://www.shoppersstop.com/,p-200506763,200508080,THE VANCA Women Sleeveless Floral Print Maxi Dress  ONLINE INDIA,https://www.shoppersstop.com/THE-VANCA-Women-Sleeveless-Floral-Print-Maxi-Dress/p-200506763,"flipkart amazon jabong myntra ajio tatacliq Abof Ajio Lifestyle Pantaloons Add some monochrome cheer to your wardrobe with this graceful long sleeveless dress. Its vibrant floral print is its USP that catches the eye and looks stunning as you head out wearing it. With a stylish neck and a great fall, it is all you need to upgrade your look.",2271,Westernwear,Dresses,https://sslimages.shoppersstop.com/sys-master/images/h6b/h75/9064836595742/200508080_9212.jpg_230Wx334H,new,S,Black,in stock,1999 INR,THE VANCA,IN,600 INR,1399 INR,,N,N,Women,LP,,female,
2,Shoppers Stop Product Feed 2018 Apr 17 16:30:08,Shoppers Stop Product Feed 2018 Apr 17 16:30:08,http://www.shoppersstop.com/,p-200506896,200508112,THE VANCA Women Sleeveless Lace Skater Dress  ONLINE INDIA,https://www.shoppersstop.com/THE-VANCA-Women-Sleeveless-Lace-Skater-Dress/p-200506896,"flipkart amazon jabong myntra ajio tatacliq Abof Ajio Lifestyle Pantaloons If you're looking for the perfect cocktail dress, this stunning lace skater dress is just what you need to oomph up your wardrobe. Graced with a stylish dual-toned print pattern, this sleeveless dress features a lace waist band that cinches your waist perfectly. Made from superior-quality material, it is an absolute delight to wear for those evening cocktail dinners.",2271,Westernwear,Dresses,https://sslimages.shoppersstop.com/sys-master/images/h9e/h53/9065635807262/200508112_9212.jpg_230Wx334H,new,M,Black,in stock,1999 INR,THE VANCA,IN,600 INR,1399 INR,,N,N,Women,LP,,female,
2,Shoppers Stop Product Feed 2018 Apr 17 16:30:08,Shoppers Stop Product Feed 2018 Apr 17 16:30:08,http://www.shoppersstop.com/,p-200506897,200508112,THE VANCA Women Sleeveless Lace Skater Dress  ONLINE INDIA,https://www.shoppersstop.com/THE-VANCA-Women-Sleeveless-Lace-Skater-Dress/p-200506897,"flipkart amazon jabong myntra ajio tatacliq Abof Ajio Lifestyle Pantaloons If you're looking for the perfect cocktail dress, this stunning lace skater dress is just what you need to oomph up your wardrobe. Graced with a stylish dual-toned print pattern, this sleeveless dress features a lace waist band that cinches your waist perfectly. Made from superior-quality material, it is an absolute delight to wear for those evening cocktail dinners.",2271,Westernwear,Dresses,https://sslimages.shoppersstop.com/sys-master/images/h9e/h53/9065635807262/200508112_9212.jpg_230Wx334H,new,L,Black,in stock,1999 INR,THE VANCA,IN,600 INR,1399 INR,,N,N,Women,LP,,female,
2,Shoppers Stop Product Feed 2018 Apr 17 16:30:08,Shoppers Stop Product Feed 2018 Apr 17 16:30:08,http://www.shoppersstop.com/,p-200506766,200508080,THE VANCA Women Sleeveless Floral Print Maxi Dress  ONLINE INDIA,https://www.shoppersstop.com/THE-VANCA-Women-Sleeveless-Floral-Print-Maxi-Dress/p-200506766,"flipkart amazon jabong myntra ajio tatacliq Abof Ajio Lifestyle Pantaloons Add some monochrome cheer to your wardrobe with this graceful long sleeveless dress. Its vibrant floral print is its USP that catches the eye and looks stunning as you head out wearing it. With a stylish neck and a great fall, it is all you need to upgrade your look.",2271,Westernwear,Dresses,https://sslimages.shoppersstop.com/sys-master/images/h6b/h75/9064836595742/200508080_9212.jpg_230Wx334H,new,XL,Black,in stock,1999 INR,THE VANCA,IN,600 INR,1399 INR,,N,N,Women,LP,,female,
2,Shoppers Stop Product Feed 2018 Apr 17 16:30:08,Shoppers Stop Product Feed 2018 Apr 17 16:30:08,http://www.shoppersstop.com/,p-200506767,200508081,THE VANCA Women Floral Print Dress with Lace Detail  ONLINE INDIA,https://www.shoppersstop.com/THE-VANCA-Women-Floral-Print-Dress-with-Lace-Detail/p-200506767,"flipkart amazon jabong myntra ajio tatacliq Abof Ajio Lifestyle Pantaloons Hit the party in style wearing this gorgeous flowy long dress. Featuring a vibrant floral pattern across the make and a lacy top-half, it is made to look you demure and classy. Crafted from a fine-quality fabric, this dress looks best with a pair of high-heeled stilettos.",2271,Westernwear,Dresses,https://sslimages.shoppersstop.com/sys-master/images/hb3/h3a/9065479602206/200508081_7086.jpg_230Wx334H,new,S,Multi,in stock,1999 INR,THE VANCA,IN,600 INR,1399 INR,,N,N,Women,LP,,female,
2,Shoppers Stop Product Feed 2018 Apr 17 16:30:08,Shoppers Stop Product Feed 2018 Apr 17 16:30:08,http://www.shoppersstop.com/,p-200506915,200508117,THE VANCA Women Floral Print Sleeveless Dress  ONLINE INDIA,https://www.shoppersstop.com/THE-VANCA-Women-Floral-Print-Sleeveless-Dress/p-200506915,"flipkart amazon jabong myntra ajio tatacliq Abof Ajio Lifestyle Pantaloons Add a dash of femininity to your look with this gorgeous sleeveless dress. Featuring a stunning leaf pattern with a hint of butterflies, it is cinched at the waist and is graced with a V-shaped back neck. Team it up with a pair of high-heeled stilettos to take your look to another level.",2271,Westernwear,Dresses,https://sslimages.shoppersstop.com/sys-master/images/h40/h2a/9144717639710/200508117_9212.png_230Wx334H,new,S,Black,in stock,1699 INR,THE VANCA,IN,510 INR,1189 INR,,N,N,Women,LP,,female,
2,Shoppers Stop Product Feed 2018 Apr 17 16:30:08,Shoppers Stop Product Feed 2018 Apr 17 16:30:08,http://www.shoppersstop.com/,p-200506916,200508117,THE VANCA Women Floral Print Sleeveless Dress  ONLINE INDIA,https://www.shoppersstop.com/THE-VANCA-Women-Floral-Print-Sleeveless-Dress/p-200506916,"flipkart amazon jabong myntra ajio tatacliq Abof Ajio Lifestyle Pantaloons Add a dash of femininity to your look with this gorgeous sleeveless dress. Featuring a stunning leaf pattern with a hint of butterflies, it is cinched at the waist and is graced with a V-shaped back neck. Team it up with a pair of high-heeled stilettos to take your look to another level.",2271,Westernwear,Dresses,https://sslimages.shoppersstop.com/sys-master/images/h40/h2a/9144717639710/200508117_9212.png_230Wx334H,new,M,Black,in stock,1699 INR,THE VANCA,IN,510 INR,1189 INR,,N,N,Women,LP,,female,
2,Shoppers Stop Product Feed 2018 Apr 17 16:30:08,Shoppers Stop Product Feed 2018 Apr 17 16:30:08,http://www.shoppersstop.com/,p-200506769,200508081,THE VANCA Women Floral Print Dress with Lace Detail  ONLINE INDIA,https://www.shoppersstop.com/THE-VANCA-Women-Floral-Print-Dress-with-Lace-Detail/p-200506769,"flipkart amazon jabong myntra ajio tatacliq Abof Ajio Lifestyle Pantaloons Hit the party in style wearing this gorgeous flowy long dress. Featuring a vibrant floral pattern across the make and a lacy top-half, it is made to look you demure and classy. Crafted from a fine-quality fabric, this dress looks best with a pair of high-heeled stilettos.",2271,Westernwear,Dresses,https://sslimages.shoppersstop.com/sys-master/images/hb3/h3a/9065479602206/200508081_7086.jpg_230Wx334H,new,L,Multi,in stock,1999 INR,THE VANCA,IN,600 INR,1399 INR,,N,N,Women,LP,,female,
2,Shoppers Stop Product Feed 2018 Apr 17 16:30:08,Shoppers Stop Product Feed 2018 Apr 17 16:30:08,http://www.shoppersstop.com/,p-200506770,200508081,THE VANCA Women Floral Print Dress with Lace Detail  ONLINE INDIA,https://www.shoppersstop.com/THE-VANCA-Women-Floral-Print-Dress-with-Lace-Detail/p-200506770,"flipkart amazon jabong myntra ajio tatacliq Abof Ajio Lifestyle Pantaloons Hit the party in style wearing this gorgeous flowy long dress. Featuring a vibrant floral pattern across the make and a lacy top-half, it is made to look you demure and classy. Crafted from a fine-quality fabric, this dress looks best with a pair of high-heeled stilettos.",2271,Westernwear,Dresses,https://sslimages.shoppersstop.com/sys-master/images/hb3/h3a/9065479602206/200508081_7086.jpg_230Wx334H,new,XL,Multi,in stock,1999 INR,THE VANCA,IN,600 INR,1399 INR,,N,N,Women,LP,,female,
2,Shoppers Stop Product Feed 2018 Apr 17 16:30:08,Shoppers Stop Product Feed 2018 Apr 17 16:30:08,http://www.shoppersstop.com/,p-200506917,200508117,THE VANCA Women Floral Print Sleeveless Dress  ONLINE INDIA,https://www.shoppersstop.com/THE-VANCA-Women-Floral-Print-Sleeveless-Dress/p-200506917,"flipkart amazon jabong myntra ajio tatacliq Abof Ajio Lifestyle Pantaloons Add a dash of femininity to your look with this gorgeous sleeveless dress. Featuring a stunning leaf pattern with a hint of butterflies, it is cinched at the waist and is graced with a V-shaped back neck. Team it up with a pair of high-heeled stilettos to take your look to another level.",2271,Westernwear,Dresses,https://sslimages.shoppersstop.com/sys-master/images/h40/h2a/9144717639710/200508117_9212.png_230Wx334H,new,L,Black,in stock,1699 INR,THE VANCA,IN,510 INR,1189 INR,,N,N,Women,LP,,female,
2,Shoppers Stop Product Feed 2018 Apr 17 16:30:08,Shoppers Stop Product Feed 2018 Apr 17 16:30:08,http://www.shoppersstop.com/,p-200506918,200508117,THE VANCA Women Floral Print Sleeveless Dress  ONLINE INDIA,https://www.shoppersstop.com/THE-VANCA-Women-Floral-Print-Sleeveless-Dress/p-200506918,"flipkart amazon jabong myntra ajio tatacliq Abof Ajio Lifestyle Pantaloons Add a dash of femininity to your look with this gorgeous sleeveless dress. Featuring a stunning leaf pattern with a hint of butterflies, it is cinched at the waist and is graced with a V-shaped back neck. Team it up with a pair of high-heeled stilettos to take your look to another level.",2271,Westernwear,Dresses,https://sslimages.shoppersstop.com/sys-master/images/h40/h2a/9144717639710/200508117_9212.png_230Wx334H,new,XL,Black,in stock,1699 INR,THE VANCA,IN,510 INR,1189 INR,,N,N,Women,LP,,female,
2,Shoppers Stop Product Feed 2018 Apr 17 16:30:08,Shoppers Stop Product Feed 2018 Apr 17 16:30:08,http://www.shoppersstop.com/,p-200506374,200507983,PURYS Women Monochrome Printed Maxi Dress  ONLINE INDIA,https://www.shoppersstop.com/PURYS-Women-Monochrome-Printed-Maxi-Dress/p-200506374,"flipkart amazon jabong myntra ajio tatacliq Abof Ajio Lifestyle Pantaloons Be an effortless fashionista with this maxi dress. It comes in monochromatic shades that lend it a timeless appeal. The long sleeves and side slit add to your ease. Featuring a charming patterned print, it is the definition of trendy comfort.",2271,Westernwear,Dresses,https://sslimages.shoppersstop.com/sys-master/images/h11/hb6/9064888172574/200507983_9204.jpg_230Wx334H,new,S,Grey,in stock,1999 INR,PURYS,IN,1299 INR,700 INR,,N,N,Women,LP,,female,
2,Shoppers Stop Product Feed 2018 Apr 17 16:30:08,Shoppers Stop Product Feed 2018 Apr 17 16:30:08,http://www.shoppersstop.com/,p-200506775,200508083,THE VANCA Women Short Dress with Lace Sleeves  ONLINE INDIA,https://www.shoppersstop.com/THE-VANCA-Women-Short-Dress-with-Lace-Sleeves/p-200506775,"flipkart amazon jabong myntra ajio tatacliq Abof Ajio Lifestyle Pantaloons Look fierce and every bit a diva wearing this chic short dress that features three-fourth lace sleeves. Its closed round neck pattern lends an understated vibe, thus, creating a semi-formal and comfortable look. Made from a superior-quality fabric, this dress is a perfect pick for fun cocktail evenings.",2271,Westernwear,Dresses,https://sslimages.shoppersstop.com/sys-master/images/hdf/h74/9065782018078/200508083_9607.jpg_230Wx334H,new,S,Red,in stock,1499 INR,THE VANCA,IN,450 INR,1049 INR,,N,N,Women,LP,,female,
2,Shoppers Stop Product Feed 2018 Apr 17 16:30:08,Shoppers Stop Product Feed 2018 Apr 17 16:30:08,http://www.shoppersstop.com/,p-200506776,200508083,THE VANCA Women Short Dress with Lace Sleeves  ONLINE INDIA,https://www.shoppersstop.com/THE-VANCA-Women-Short-Dress-with-Lace-Sleeves/p-200506776,"flipkart amazon jabong myntra ajio tatacliq Abof Ajio Lifestyle Pantaloons Look fierce and every bit a diva wearing this chic short dress that features three-fourth lace sleeves. Its closed round neck pattern lends an understated vibe, thus, creating a semi-formal and comfortable look. Made from a superior-quality fabric, this dress is a perfect pick for fun cocktail evenings.",2271,Westernwear,Dresses,https://sslimages.shoppersstop.com/sys-master/images/hdf/h74/9065782018078/200508083_9607.jpg_230Wx334H,new,M,Red,in stock,1499 INR,THE VANCA,IN,450 INR,1049 INR,,N,N,Women,LP,,female,
2,Shoppers Stop Product Feed 2018 Apr 17 16:30:08,Shoppers Stop Product Feed 2018 Apr 17 16:30:08,http://www.shoppersstop.com/,p-200506923,200508119,THE VANCA Women Sleeveless Lace Dress  ONLINE INDIA,https://www.shoppersstop.com/THE-VANCA-Women-Sleeveless-Lace-Dress/p-200506923,"flipkart amazon jabong myntra ajio tatacliq Abof Ajio Lifestyle Pantaloons Your search for the perfect cute lace dress ends here. This gorgeous piece is made from a super-fine quality lace that feels extremely comfortable against the skin and lends you a great fit. Cinched at the waist, it is sleeveless and looks stunning with a hint of pop as the ultimate accessory.",2271,Westernwear,Dresses,https://sslimages.shoppersstop.com/sys-master/images/h8c/hd2/9064379744286/200508119_9212.jpg_230Wx334H,new,S,Black,in stock,2199 INR,THE VANCA,IN,660 INR,1539 INR,,N,N,Women,LP,,female,
2,Shoppers Stop Product Feed 2018 Apr 17 16:30:08,Shoppers Stop Product Feed 2018 Apr 17 16:30:08,http://www.shoppersstop.com/,p-200506926,200508119,THE VANCA Women Sleeveless Lace Dress  ONLINE INDIA,https://www.shoppersstop.com/THE-VANCA-Women-Sleeveless-Lace-Dress/p-200506926,"flipkart amazon jabong myntra ajio tatacliq Abof Ajio Lifestyle Pantaloons Your search for the perfect cute lace dress ends here. This gorgeous piece is made from a super-fine quality lace that feels extremely comfortable against the skin and lends you a great fit. Cinched at the waist, it is sleeveless and looks stunning with a hint of pop as the ultimate accessory.",2271,Westernwear,Dresses,https://sslimages.shoppersstop.com/sys-master/images/h8c/hd2/9064379744286/200508119_9212.jpg_230Wx334H,new,XL,Black,in stock,2199 INR,THE VANCA,IN,660 INR,1539 INR,,N,N,Women,LP,,female,
2,Shoppers Stop Product Feed 2018 Apr 17 16:30:08,Shoppers Stop Product Feed 2018 Apr 17 16:30:08,http://www.shoppersstop.com/,p-200376451,200376871,PURYS Women Polyester Dress  ONLINE INDIA,https://www.shoppersstop.com/PURYS-Women-Polyester-Dress/p-200376451,flipkart amazon jabong myntra ajio tatacliq Abof Ajio Lifestyle Pantaloons Women Polyester Dress,2271,Westernwear,Dresses,https://sslimages.shoppersstop.com/sys-master/images/hd4/h83/8980791656478/200376871_8688.png_230Wx334H,new,M,Black,in stock,899 INR,PURYS,IN,809 INR,90 INR,,N,N,Women,LP,,female,
2,Shoppers Stop Product Feed 2018 Apr 17 16:30:08,Shoppers Stop Product Feed 2018 Apr 17 16:30:08,http://www.shoppersstop.com/,p-200376452,200376871,PURYS Women Polyester Dress  ONLINE INDIA,https://www.shoppersstop.com/PURYS-Women-Polyester-Dress/p-200376452,flipkart amazon jabong myntra ajio tatacliq Abof Ajio Lifestyle Pantaloons Women Polyester Dress,2271,Westernwear,Dresses,https://sslimages.shoppersstop.com/sys-master/images/hd4/h83/8980791656478/200376871_8688.png_230Wx334H,new,L,Black,in stock,899 INR,PURYS,IN,809 INR,90 INR,,N,N,Women,LP,,female,
2,Shoppers Stop Product Feed 2018 Apr 17 16:30:08,Shoppers Stop Product Feed 2018 Apr 17 16:30:08,http://www.shoppersstop.com/,p-200376453,200376871,PURYS Women Polyester Dress  ONLINE INDIA,https://www.shoppersstop.com/PURYS-Women-Polyester-Dress/p-200376453,flipkart amazon jabong myntra ajio tatacliq Abof Ajio Lifestyle Pantaloons Women Polyester Dress,2271,Westernwear,Dresses,https://sslimages.shoppersstop.com/sys-master/images/hd4/h83/8980791656478/200376871_8688.png_230Wx334H,new,XL,Black,in stock,899 INR,PURYS,IN,809 INR,90 INR,,N,N,Women,LP,,female,
2,Shoppers Stop Product Feed 2018 Apr 17 16:30:08,Shoppers Stop Product Feed 2018 Apr 17 16:30:08,http://www.shoppersstop.com/,p-200376454,200376872,PURYS Women Polyester Dress  ONLINE INDIA,https://www.shoppersstop.com/PURYS-Women-Polyester-Dress/p-200376454,flipkart amazon jabong myntra ajio tatacliq Abof Ajio Lifestyle Pantaloons Women Polyester Dress,2271,Westernwear,Dresses,https://sslimages.shoppersstop.com/sys-master/images/h4d/h43/8979810549790/200376872_9100.png_230Wx334H,new,S,White,in stock,999 INR,PURYS,IN,899 INR,100 INR,,N,N,Women,LP,,female,
2,Shoppers Stop Product Feed 2018 Apr 17 16:30:08,Shoppers Stop Product Feed 2018 Apr 17 16:30:08,http://www.shoppersstop.com/,p-200376456,200376872,PURYS Women Polyester Dress  ONLINE INDIA,https://www.shoppersstop.com/PURYS-Women-Polyester-Dress/p-200376456,flipkart amazon jabong myntra ajio tatacliq Abof Ajio Lifestyle Pantaloons Women Polyester Dress,2271,Westernwear,Dresses,https://sslimages.shoppersstop.com/sys-master/images/h4d/h43/8979810549790/200376872_9100.png_230Wx334H,new,L,White,in stock,999 INR,PURYS,IN,899 INR,100 INR,,N,N,Women,LP,,female,
2,Shoppers Stop Product Feed 2018 Apr 17 16:30:08,Shoppers Stop Product Feed 2018 Apr 17 16:30:08,http://www.shoppersstop.com/,p-200376458,200376873,PURYS Women Polyester Dress  ONLINE INDIA,https://www.shoppersstop.com/PURYS-Women-Polyester-Dress/p-200376458,flipkart amazon jabong myntra ajio tatacliq Abof Ajio Lifestyle Pantaloons Women Polyester Dress,2271,Westernwear,Dresses,https://sslimages.shoppersstop.com/sys-master/images/h46/he5/8980672577566/200376873_9111.png_230Wx334H,new,S,Beige,in stock,999 INR,PURYS,IN,899 INR,100 INR,,N,Y,Women,LP,,female,
2,Shoppers Stop Product Feed 2018 Apr 17 16:30:08,Shoppers Stop Product Feed 2018 Apr 17 16:30:08,http://www.shoppersstop.com/,p-200376358,200376848,PURYS Women Party Lace Dress  ONLINE INDIA,https://www.shoppersstop.com/PURYS-Women-Party-Lace-Dress/p-200376358,flipkart amazon jabong myntra ajio tatacliq Abof Ajio Lifestyle Pantaloons Women Party Lace Dress,2271,Westernwear,Dresses,https://sslimages.shoppersstop.com/sys-master/images/hbe/h32/8980288864286/200376848_8688.png_230Wx334H,new,S,Black,in stock,999 INR,PURYS,IN,649 INR,350 INR,,N,N,Women,LP,,female,
2,Shoppers Stop Product Feed 2018 Apr 17 16:30:08,Shoppers Stop Product Feed 2018 Apr 17 16:30:08,http://www.shoppersstop.com/,p-200376359,200376848,PURYS Women Party Lace Dress  ONLINE INDIA,https://www.shoppersstop.com/PURYS-Women-Party-Lace-Dress/p-200376359,flipkart amazon jabong myntra ajio tatacliq Abof Ajio Lifestyle Pantaloons Women Party Lace Dress,2271,Westernwear,Dresses,https://sslimages.shoppersstop.com/sys-master/images/hbe/h32/8980288864286/200376848_8688.png_230Wx334H,new,M,Black,in stock,999 INR,PURYS,IN,649 INR,350 INR,,N,N,Women,LP,,female,
2,Shoppers Stop Product Feed 2018 Apr 17 16:30:08,Shoppers Stop Product Feed 2018 Apr 17 16:30:08,http://www.shoppersstop.com/,p-200376360,200376848,PURYS Women Party Lace Dress  ONLINE INDIA,https://www.shoppersstop.com/PURYS-Women-Party-Lace-Dress/p-200376360,flipkart amazon jabong myntra ajio tatacliq Abof Ajio Lifestyle Pantaloons Women Party Lace Dress,2271,Westernwear,Dresses,https://sslimages.shoppersstop.com/sys-master/images/hbe/h32/8980288864286/200376848_8688.png_230Wx334H,new,L,Black,in stock,999 INR,PURYS,IN,649 INR,350 INR,,N,N,Women,LP,,female,
2,Shoppers Stop Product Feed 2018 Apr 17 16:30:08,Shoppers Stop Product Feed 2018 Apr 17 16:30:08,http://www.shoppersstop.com/,p-200376361,200376848,PURYS Women Party Lace Dress  ONLINE INDIA,https://www.shoppersstop.com/PURYS-Women-Party-Lace-Dress/p-200376361,flipkart amazon jabong myntra ajio tatacliq Abof Ajio Lifestyle Pantaloons Women Party Lace Dress,2271,Westernwear,Dresses,https://sslimages.shoppersstop.com/sys-master/images/hbe/h32/8980288864286/200376848_8688.png_230Wx334H,new,XL,Black,in stock,999 INR,PURYS,IN,649 INR,350 INR,,N,N,Women,LP,,female,
2,Shoppers Stop Product Feed 2018 Apr 17 16:30:08,Shoppers Stop Product Feed 2018 Apr 17 16:30:08,http://www.shoppersstop.com/,p-200376371,200376851,PURYS Women Casual Printed Dress  ONLINE INDIA,https://www.shoppersstop.com/PURYS-Women-Casual-Printed-Dress/p-200376371,flipkart amazon jabong myntra ajio tatacliq Abof Ajio Lifestyle Pantaloons Women Casual Printed Dress,2271,Westernwear,Dresses,https://sslimages.shoppersstop.com/sys-master/images/h34/hff/8979884015646/200376851_9557.png_230Wx334H,new,M,Pink,in stock,749 INR,PURYS,IN,674 INR,75 INR,,N,N,Women,LP,,female,
2,Shoppers Stop Product Feed 2018 Apr 17 16:30:08,Shoppers Stop Product Feed 2018 Apr 17 16:30:08,http://www.shoppersstop.com/,p-200376568,200376906,PURYS Women Rayon Shorts  ONLINE INDIA,https://www.shoppersstop.com/PURYS-Women-Rayon-Shorts/p-200376568,flipkart amazon jabong myntra ajio tatacliq Abof Ajio Lifestyle Pantaloons Women Rayon Shorts,207,Westernwear,Capris & Shorts,https://sslimages.shoppersstop.com/sys-master/images/h53/h5f/8980217266206/200376906_9463.png_230Wx334H,new,S,Green,in stock,799 INR,PURYS,IN,559 INR,240 INR,,N,Y,Women,LP,,female,
2,Shoppers Stop Product Feed 2018 Apr 17 16:30:08,Shoppers Stop Product Feed 2018 Apr 17 16:30:08,http://www.shoppersstop.com/,p-200376372,200376851,PURYS Women Casual Printed Dress  ONLINE INDIA,https://www.shoppersstop.com/PURYS-Women-Casual-Printed-Dress/p-200376372,flipkart amazon jabong myntra ajio tatacliq Abof Ajio Lifestyle Pantaloons Women Casual Printed Dress,2271,Westernwear,Dresses,https://sslimages.shoppersstop.com/sys-master/images/h34/hff/8979884015646/200376851_9557.png_230Wx334H,new,L,Pink,in stock,749 INR,PURYS,IN,674 INR,75 INR,,N,N,Women,LP,,female,
2,Shoppers Stop Product Feed 2018 Apr 17 16:30:08,Shoppers Stop Product Feed 2018 Apr 17 16:30:08,http://www.shoppersstop.com/,p-200376375,200376852,PURYS Women Casual Printed Dress  ONLINE INDIA,https://www.shoppersstop.com/PURYS-Women-Casual-Printed-Dress/p-200376375,flipkart amazon jabong myntra ajio tatacliq Abof Ajio Lifestyle Pantaloons Women Casual Printed Dress,2271,Westernwear,Dresses,https://sslimages.shoppersstop.com/sys-master/images/hf6/hf2/8979910950942/200376852_7086.png_230Wx334H,new,M,Multi,in stock,749 INR,PURYS,IN,674 INR,75 INR,,N,N,Women,LP,,female,
2,Shoppers Stop Product Feed 2018 Apr 17 16:30:08,Shoppers Stop Product Feed 2018 Apr 17 16:30:08,http://www.shoppersstop.com/,p-200376376,200376852,PURYS Women Casual Printed Dress  ONLINE INDIA,https://www.shoppersstop.com/PURYS-Women-Casual-Printed-Dress/p-200376376,flipkart amazon jabong myntra ajio tatacliq Abof Ajio Lifestyle Pantaloons Women Casual Printed Dress,2271,Westernwear,Dresses,https://sslimages.shoppersstop.com/sys-master/images/hf6/hf2/8979910950942/200376852_7086.png_230Wx334H,new,L,Multi,in stock,749 INR,PURYS,IN,674 INR,75 INR,,N,N,Women,LP,,female,
2,Shoppers Stop Product Feed 2018 Apr 17 16:30:08,Shoppers Stop Product Feed 2018 Apr 17 16:30:08,http://www.shoppersstop.com/,p-200376378,200376853,PURYS Women Party Printed Dress  ONLINE INDIA,https://www.shoppersstop.com/PURYS-Women-Party-Printed-Dress/p-200376378,flipkart amazon jabong myntra ajio tatacliq Abof Ajio Lifestyle Pantaloons Women Party Printed Dress,2271,Westernwear,Dresses,https://sslimages.shoppersstop.com/sys-master/images/h50/hd2/8980457193502/200376853_8688.png_230Wx334H,new,S,Black,in stock,899 INR,PURYS,IN,809 INR,90 INR,,N,N,Women,LP,,female,
2,Shoppers Stop Product Feed 2018 Apr 17 16:30:08,Shoppers Stop Product Feed 2018 Apr 17 16:30:08,http://www.shoppersstop.com/,p-200376379,200376853,PURYS Women Party Printed Dress  ONLINE INDIA,https://www.shoppersstop.com/PURYS-Women-Party-Printed-Dress/p-200376379,flipkart amazon jabong myntra ajio tatacliq Abof Ajio Lifestyle Pantaloons Women Party Printed Dress,2271,Westernwear,Dresses,https://sslimages.shoppersstop.com/sys-master/images/h50/hd2/8980457193502/200376853_8688.png_230Wx334H,new,M,Black,in stock,899 INR,PURYS,IN,809 INR,90 INR,,N,N,Women,LP,,female,
2,Shoppers Stop Product Feed 2018 Apr 17 16:30:08,Shoppers Stop Product Feed 2018 Apr 17 16:30:08,http://www.shoppersstop.com/,p-200376380,200376853,PURYS Women Party Printed Dress  ONLINE INDIA,https://www.shoppersstop.com/PURYS-Women-Party-Printed-Dress/p-200376380,flipkart amazon jabong myntra ajio tatacliq Abof Ajio Lifestyle Pantaloons Women Party Printed Dress,2271,Westernwear,Dresses,https://sslimages.shoppersstop.com/sys-master/images/h50/hd2/8980457193502/200376853_8688.png_230Wx334H,new,L,Black,in stock,899 INR,PURYS,IN,809 INR,90 INR,,N,N,Women,LP,,female,
2,Shoppers Stop Product Feed 2018 Apr 17 16:30:08,Shoppers Stop Product Feed 2018 Apr 17 16:30:08,http://www.shoppersstop.com/,p-200376382,200376854,PURYS Women Blended Dress  ONLINE INDIA,https://www.shoppersstop.com/PURYS-Women-Blended-Dress/p-200376382,flipkart amazon jabong myntra ajio tatacliq Abof Ajio Lifestyle Pantaloons Women Blended Dress,2271,Westernwear,Dresses,https://sslimages.shoppersstop.com/sys-master/images/h31/h8d/8979615285278/200376854_8688.png_230Wx334H,new,S,Black,in stock,999 INR,PURYS,IN,699 INR,300 INR,,N,Y,Women,LP,,female,
2,Shoppers Stop Product Feed 2018 Apr 17 16:30:08,Shoppers Stop Product Feed 2018 Apr 17 16:30:08,http://www.shoppersstop.com/,p-200376391,200376856,PURYS Women Blended Dress  ONLINE INDIA,https://www.shoppersstop.com/PURYS-Women-Blended-Dress/p-200376391,flipkart amazon jabong myntra ajio tatacliq Abof Ajio Lifestyle Pantaloons Women Blended Dress,2271,Westernwear,Dresses,https://sslimages.shoppersstop.com/sys-master/images/h03/hd3/8980498087966/200376856_9327.png_230Wx334H,new,M,Teal,in stock,1199 INR,PURYS,IN,1079 INR,120 INR,,N,N,Women,LP,,female,
2,Shoppers Stop Product Feed 2018 Apr 17 16:30:08,Shoppers Stop Product Feed 2018 Apr 17 16:30:08,http://www.shoppersstop.com/,p-200376392,200376856,PURYS Women Blended Dress  ONLINE INDIA,https://www.shoppersstop.com/PURYS-Women-Blended-Dress/p-200376392,flipkart amazon jabong myntra ajio tatacliq Abof Ajio Lifestyle Pantaloons Women Blended Dress,2271,Westernwear,Dresses,https://sslimages.shoppersstop.com/sys-master/images/h03/hd3/8980498087966/200376856_9327.png_230Wx334H,new,L,Teal,in stock,1199 INR,PURYS,IN,1079 INR,120 INR,,N,N,Women,LP,,female,